artist,spotify_id
8Kays,6VJ8RuUWKIgm5p5uEvZCfQ
ALPHA 9,6ckI88Ggj8DPe0TNAAVkjn
Amberstomp,
Amy Wiles,
Blastoyz,6WLP1sraOcF3Gaxp7xBa4p
Cosmic Gate,6ySxYu68zTsO5ghsThpGtS
Crystal Skies,6HraHl4uwIQFixUu3J49BK
Dirty South,1bpzpALZwOoKXzwMg2i8WB
D&G FTO,
DT8 Project,5vt86ZNYulbS5LcsTGpDHE
Fatum,3pt2vTpH1eI776oDZT1G2C
Gem & Tauri,
Genix,5WWUkLXiAbmGwtELcfvB2w
Grum,3VEqFWRt47xQAZJMBF3duQ
ilan Bluestone,1yoZuH2j43vVSWsOwYuQyn
Jaytech,5mpJ1Z8BYEOG0rrdO4a2nG
Jon O'bir,6v1UB7TlIL4dO6sx0wZsdP
Josep,6gCHonmBX2IymmqoMi7ET3
Judah,6ehfqJQX5gJsfkzUILfMm8
Kyua & Albert,0pyi4vNCq5T6GgV1rt7ncc
LaPush,
Maor Levi,7iVuXpgNEl87BwdwV1L6he
Mat Zo,2n7USVO8fO8FF8zq4kG2N1
Myon,0nTbVTXLLbBA4xCtn0cFkv
Nitrous Oxide,0UJQXkmx6GjqUxugf7zzkR
Oliver Smith,2Npo4Cfm48M2uKlvxiXMic
PROFF,3jAosRBCdrybxqTnrI4Sld
Qrion,0bGDTQ78MVgI5Snqo9KJZw
Seven Lions,6fcTRFpz0yH79qSKfof7lp
Spencer Brown,4L9PX6lwPWo2NeuXL9kyJK
Sunny Lax,0cCOt2mcZfspvOOhY8TdmD
Super8 & Tab,3WGxBKuYawiVOmCwR8FIUC
Tinlicker,5EmEZjq8eHEC6qFnT63Lza
Trance Wax,28Rn5KfDspTUHLpPfPF8EE